{
  "initial": {
    "mse": 105307455.28925812,
    "mae": 4424.0008517494,
    "r2": 0.9532517183679726
  },
  "optimized": {
    "mse": 109621160.72414184,
    "mae": 4552.33372115952,
    "r2": 0.9513367702193003
  },
  "top_features": [
    "BOB_PDI",
    "NIO_PDI",
    "NIO_VF",
    "AS_PDI",
    "BOB_VF",
    "AS_VF"
  ],
  "mse_reduction_pct": -4.0962963382173125,
  "r2_delta": -0.001914948148672324
}